Show,Season,Week_Number,Air_Date,Episode_Number,Episode_Type,Network_TV_Spend,Cable_TV_Spend,Digital_Spend,Impressions,True_Viewership,Revenue,Holiday,LeadIn_Bonus
Show1,1,1,2020-09-06,0,PreLaunch,4028.297704320512,12084.893112961536,10070.74426080128,43639891,117856.38004025968,82590.00571428573,0,0
Show1,1,2,2020-09-13,0,PreLaunch,4854.153125103361,14562.459375310083,12135.382812758404,52586659,129214.05588730586,88792.03285714285,0,0
Show1,1,3,2020-09-20,0,PreLaunch,5370.453364440345,16111.360093321036,13426.133411100862,58179911,171609.7573991522,121836.52142857145,0,0
Show1,1,4,2020-09-27,0,PreLaunch,7619.32169004146,22857.965070124377,19048.30422510365,82542651,178971.84301303912,124396.60428571427,0,0
Show1,1,5,2020-10-04,0,PreLaunch,7133.216268044332,21399.648804133,17833.04067011083,77276510,192167.7757859635,131526.19428571427,0,0
Show1,1,6,2020-10-11,1,Premiere,7026.084270106077,21078.252810318238,17565.210675265196,76115914,200169.2361860601,139261.50999999998,0,0
Show1,1,7,2020-10-18,2,Regular,9276.467067517018,27829.401202551056,23191.167668792543,100495060,222394.05901396187,159013.44142857144,0,0
Show1,1,8,2020-10-25,3,Regular,7524.991157167695,22574.973471503086,18812.47789291924,81520738,221726.56817481175,157093.76571428572,0,0
Show1,1,9,2020-11-01,4,Regular,8125.422045003786,24376.26613501136,20313.555112509464,88025405,224137.0867689068,156114.50142857144,0,0
Show1,1,10,2020-11-08,5,Regular,5907.181133476084,17721.54340042825,14767.95283369021,63994463,213068.3689850875,148403.7,0,0
Show1,1,11,2020-11-15,6,Regular,5840.201232374527,17520.603697123577,14600.503080936314,63268846,209257.49027239837,145807.19714285716,1,0
Show1,1,12,2020-11-22,7,Regular,6242.976266858647,18728.92880057594,15607.440667146617,67632244,203617.42003838025,146760.81428571427,0,0
Show1,1,13,2020-11-29,8,Regular,5917.114237956656,17751.342713869966,14792.78559489164,64102071,198964.80843366517,140035.28285714285,0,0
Show1,1,14,2020-12-06,9,Regular,4981.8946683379445,14945.684005013833,12454.73667084486,53970526,196346.613188256,138287.00142857144,0,0
Show1,1,15,2020-12-13,10,Finale,4236.150736119325,12708.452208357976,10590.376840298311,45891633,183393.08778629664,130264.63,0,1
Show1,2,1,2021-09-05,0,PreLaunch,12470.009534242345,4156.669844747447,10391.67461186862,47801704,126976.05709994848,89186.44571428571,0,0
Show1,2,2,2021-09-12,0,PreLaunch,12782.21701444886,4260.739004816286,10651.847512040717,48998499,106700.2460962078,74413.77428571429,0,0
Show1,2,3,2021-09-19,0,PreLaunch,15908.838499894786,5302.946166631596,13257.365416578989,60983880,146654.14877889454,102369.94857142855,0,0
Show1,2,4,2021-09-26,0,PreLaunch,18397.33951314898,6132.446504382994,15331.116260957484,70523135,162951.86563188216,113949.63,0,0
Show1,2,5,2021-10-03,0,PreLaunch,23693.83334189768,7897.944447299224,19744.86111824806,90826361,160835.99293402024,112525.32857142856,0,0
Show1,2,6,2021-10-10,1,Premiere,24381.38596826852,8127.128656089505,20317.821640223763,93461980,191708.08353973343,135590.58285714284,0,1
Show1,2,7,2021-10-17,2,Regular,21180.753886210117,7060.251295403371,17650.628238508427,81192890,199851.7260331157,140000.02285714287,0,0
Show1,2,8,2021-10-24,3,Regular,26547.644492729472,8849.214830909825,22123.03707727456,101765971,209458.30074963663,148155.38571428572,0,0
Show1,2,9,2021-10-31,4,Regular,22958.068840638596,7652.689613546197,19131.72403386549,88005930,219923.88399195965,153769.20428571428,0,0
Show1,2,10,2021-11-07,5,Regular,20548.82497891748,6849.608326305827,17124.020815764565,78770496,217554.6726874054,152459.3457142857,0,0
Show1,2,11,2021-11-14,6,Regular,21439.917399902977,7146.639133300993,17866.59783325248,82186350,240047.6970941068,163236.75285714286,0,0
Show1,2,12,2021-11-21,7,Regular,20261.019531115013,6753.673177038336,16884.182942595842,77667241,233590.48815939107,165653.79571428572,0,0
Show1,2,13,2021-11-28,8,Regular,18070.075298947188,6023.358432982394,15058.396082455987,69268622,231396.73719171333,162779.4785714286,0,0
Show1,2,14,2021-12-05,9,Regular,13460.74159853,4486.9138661766665,11217.284665441666,51599510,215368.40118606732,152907.27857142856,0,0
Show1,2,15,2021-12-12,10,Finale,12459.584088191295,4153.194696063765,10382.986740159413,47761739,191594.8221604569,128567.3,1,1
Show1,3,1,2022-09-04,0,PreLaunch,13283.052983233152,4427.684327744384,11069.21081936096,50918370,113144.7205951648,81564.18999999999,0,0
Show1,3,2,2022-09-11,0,PreLaunch,16463.31769068354,5487.77256356118,13719.431408902949,63109384,134458.03318871913,93932.93428571428,0,0
Show1,3,3,2022-09-18,0,PreLaunch,16321.415592265215,5440.471864088405,13601.179660221014,62565427,135328.97137753342,96229.97285714289,0,0
Show1,3,4,2022-09-25,0,PreLaunch,18927.65768786264,6309.219229287546,15773.048073218864,72556021,164286.85069531846,113292.36714285714,0,0
Show1,3,5,2022-10-02,0,PreLaunch,19057.85362712994,6352.617875709979,15881.544689274948,73055106,169887.35658605155,119962.17428571428,0,0
Show1,3,6,2022-10-09,1,Premiere,20751.798671809847,6917.266223936616,17293.16555984154,79548562,181786.9372135149,125335.88428571427,0,0
Show1,3,7,2022-10-16,2,Regular,27803.637829013656,9267.879276337884,23169.698190844712,106580612,212936.5694923773,147727.36571428573,0,1
Show1,3,8,2022-10-23,3,Regular,29201.76007346783,9733.920024489276,24334.80006122319,111940080,231905.9919316136,166772.94714285713,0,0
Show1,3,9,2022-10-30,4,Regular,23705.608485206143,7901.869495068714,19754.673737671787,90871499,231178.68167354687,161384.26,0,1
Show1,3,10,2022-11-06,5,Regular,24252.684754537524,8084.228251512507,20210.570628781268,92968626,247255.22178812049,173616.27,0,0
Show1,3,11,2022-11-13,6,Regular,20934.734009790114,6978.24466993004,17445.611674825097,80249814,228785.0608985468,162140.12714285712,0,0
Show1,3,12,2022-11-20,7,Regular,17182.43310378651,5727.477701262169,14318.69425315542,65865993,231962.64392531425,163523.64714285714,0,0
Show1,3,13,2022-11-27,8,Regular,17128.02130706493,5709.34043568831,14273.351089220776,65657415,225367.1344498085,158095.98857142855,1,0
Show1,3,14,2022-12-04,9,Regular,16953.84964868469,5651.283216228229,14128.208040570576,64989757,213946.6638120037,150543.48714285714,0,0
Show1,3,15,2022-12-11,10,Finale,12811.080806858634,4270.360268952878,10675.900672382197,49109144,206996.18641579396,149872.30857142856,0,0
Show1,4,1,2023-09-03,0,PreLaunch,14868.82755747515,12390.689631229294,4956.275852491717,64431586,111687.5857741664,78116.95714285714,0,0
Show1,4,2,2023-09-10,0,PreLaunch,11070.382343865382,9225.31861988782,3690.127447955128,47971656,135890.47591302387,95396.60714285714,0,0
Show1,4,3,2023-09-17,0,PreLaunch,18551.83286464324,15459.860720536037,6183.944288214414,80391275,149849.60883015222,106469.12714285716,0,0
Show1,4,4,2023-09-24,0,PreLaunch,19453.590774459328,16211.325645382774,6484.53025815311,84298893,167248.11281965775,118922.65,0,0
Show1,4,5,2023-10-01,0,PreLaunch,20787.841391858856,17323.201159882377,6929.28046395295,90080645,196754.65068684143,140063.79285714286,0,0
Show1,4,6,2023-10-08,1,Premiere,23787.72183040512,19823.1015253376,7929.240610135038,103080128,205316.64146139403,145033.06857142856,0,1
Show1,4,7,2023-10-15,2,Regular,20603.394219597707,17169.49518299809,6867.798073199235,89281375,207899.1948455977,143153.13857142857,0,0
Show1,4,8,2023-10-22,3,Regular,25149.415145560684,20957.845954633904,8383.138381853561,108980799,224333.4672927473,160697.76,0,1
Show1,4,9,2023-10-29,4,Regular,24730.24838503825,20608.54032086521,8243.416128346083,107164410,251520.0264744197,173180.73,0,0
Show1,4,10,2023-11-05,5,Regular,25298.21544555273,21081.84620462728,8432.73848185091,109625599,248266.57998258187,174537.94857142857,0,0
Show1,4,11,2023-11-12,6,Regular,19156.96425287569,15964.13687739641,6385.654750958564,83013512,261690.32267097663,181209.35857142857,0,0
Show1,4,12,2023-11-19,7,Regular,16882.358688563534,14068.632240469611,5627.452896187844,73156887,223195.44215569305,156093.6557142857,0,1
Show1,4,13,2023-11-26,8,Regular,15701.177132033728,13084.314276694771,5233.725710677909,68038435,239790.21817836483,168641.49285714285,0,0
Show1,4,14,2023-12-03,9,Regular,16038.958213766313,13365.798511471923,5346.31940458877,69502152,222972.02240308284,156796.95285714284,1,0
Show1,4,15,2023-12-10,10,Finale,13279.822855276738,11066.519046063946,4426.607618425579,57545899,209549.95514443112,147569.10285714286,0,0
Show1,5,1,2024-09-01,0,PreLaunch,4058.6741983855545,10146.685495963888,12176.022595156664,41939634,115194.23330996884,82494.86571428573,0,0
Show1,5,2,2024-09-08,0,PreLaunch,5256.633716556678,13141.584291391697,15769.901149670037,54318549,139778.29735014908,98478.75,0,0
Show1,5,3,2024-09-15,0,PreLaunch,5769.758599627452,14424.39649906863,17309.275798882354,59620839,152979.15626087153,106711.9,0,0
Show1,5,4,2024-09-22,0,PreLaunch,7051.271779628287,17628.179449070714,21153.81533888486,72863141,179792.30720772248,127587.97,0,0
Show1,5,5,2024-09-29,0,PreLaunch,6641.390647230461,16603.476618076154,19924.171941691387,68627703,182820.74891979975,130149.12285714284,0,0
Show1,5,6,2024-10-06,1,Premiere,7599.694027673182,18999.23506918296,22799.082083019548,78530171,195741.76485007568,134616.2942857143,0,0
Show1,5,7,2024-10-13,2,Regular,8235.335868743865,20588.339671859663,24706.0076062316,85098471,204502.9798290105,144373.78714285715,0,1
Show1,5,8,2024-10-20,3,Regular,7316.987187315327,18292.46796828832,21950.961561945984,75608868,209376.0985561009,148031.35714285713,0,0
Show1,5,9,2024-10-27,4,Regular,8194.871240928947,20487.17810232237,24584.61372278685,84680336,219421.8016888204,152942.3414285714,0,0
Show1,5,10,2024-11-03,5,Regular,7538.734485683184,18846.83621420796,22616.203457049556,77900255,205956.4103119613,147002.8442857143,0,0
Show1,5,11,2024-11-10,6,Regular,6738.1376340653305,16845.344085163328,20214.412902195996,69627422,204338.8964748464,142730.60571428572,0,0
Show1,5,12,2024-11-17,7,Regular,5978.824204056032,14947.060510140082,17936.472612168098,61781184,211957.8099407332,148636.63571428572,0,0
Show1,5,13,2024-11-24,8,Regular,4730.30591764569,11825.764794114224,14190.91775293707,48879828,195494.71268212167,136507.95285714287,1,0
Show1,5,14,2024-12-01,9,Regular,4691.928821502681,11729.8220537567,14075.786464508044,48483264,184796.54567374216,129386.37142857142,0,0
Show1,5,15,2024-12-08,10,Finale,4138.836635774242,10347.091589435604,12416.509907322725,42767978,177611.74240321363,122381.10571428572,0,0
Show2,1,1,2020-09-07,0,PreLaunch,13796.584096167571,16555.900915401086,5518.6336384670285,70822466,41574.05310183109,28503.15,0,0
Show2,1,2,2020-09-14,0,PreLaunch,13176.849493304451,15812.219391965342,5270.73979732178,67641161,53069.6181317646,37994.93,0,0
Show2,1,3,2020-09-21,0,PreLaunch,12261.917081245703,14714.300497494847,4904.7668324982815,62944508,63120.92762718415,43650.04,0,0
Show2,1,4,2020-09-28,0,PreLaunch,12098.439220875003,14518.127065050006,4839.375688350002,62105322,78391.21221985972,54096.68428571429,0,0
Show2,1,5,2020-10-05,0,PreLaunch,8721.066696713006,10465.280036055608,3488.426678685202,44768143,66845.59011402345,45352.467142857146,0,0
Show2,1,6,2020-10-12,1,Premiere,8792.186049190941,10550.62325902913,3516.8744196763764,45133222,75250.63337942668,52194.62,0,0
Show2,1,7,2020-10-19,2,Regular,7975.891674830759,9571.070009796911,3190.3566699323032,40942911,57239.16492473149,39310.09,0,0
Show2,1,8,2020-10-26,3,Regular,6060.921588525719,7273.105906230861,2424.3686354102874,31112731,69982.92869007612,50137.18,0,0
Show2,1,9,2020-11-02,4,Regular,6945.820693883581,8334.984832660297,2778.3282775534326,35655213,64004.62356128212,45449.56571428572,0,0
Show2,1,10,2020-11-09,5,Regular,6467.290849247802,7760.749019097362,2586.9163396991207,33198759,59968.42371295,41565.224285714285,0,0
Show2,1,11,2020-11-16,6,Regular,8012.084215169112,9614.501058202935,3204.833686067645,41128699,67386.57074910273,48688.438571428575,0,0
Show2,1,12,2020-11-23,7,Regular,8931.956978502907,10718.348374203488,3572.7827914011627,45850713,76115.97771790042,54028.46428571428,0,0
Show2,1,13,2020-11-30,8,Regular,12141.109367750329,14569.331241300397,4856.443747100131,62324361,82746.38012846532,57653.68,0,0
Show2,1,14,2020-12-07,9,Regular,14414.0776188192,17296.893142583045,5765.631047527681,73992265,76683.43791372461,51761.77571428572,0,0
Show2,1,15,2020-12-14,10,Finale,15139.409078366516,18167.29089403982,6055.763631346606,77715634,92831.0048270494,67108.40857142858,0,0
Show2,2,1,2021-09-06,0,PreLaunch,6685.693688709012,16714.23422177253,20057.081066127037,69085501,40518.07724897758,27799.625714285718,0,0
Show2,2,2,2021-09-13,0,PreLaunch,5759.9641246536285,14399.910311634072,17279.892373960884,59519629,63167.37583716046,43177.80857142857,0,0
Show2,2,3,2021-09-20,0,PreLaunch,5087.200775034579,12718.001937586449,15261.60232510374,52567741,75249.58731736883,53444.19142857143,0,0
Show2,2,4,2021-09-27,0,PreLaunch,3701.177964833571,9252.944912083924,11103.533894500712,38245506,64182.02711546,46493.30142857142,0,0
Show2,2,5,2021-10-04,0,PreLaunch,3909.529478035234,9773.823695088086,11728.5884341057,40398470,70663.68116271283,50442.75428571429,0,0
Show2,2,6,2021-10-11,1,Premiere,2947.936778471218,7369.841946178045,8843.810335413653,30462013,58596.988378029615,41348.32571428572,0,1
Show2,2,7,2021-10-18,2,Regular,3402.918351578658,8507.295878946647,10208.755054735975,35163490,58843.03824143516,41540.09857142857,0,0
Show2,2,8,2021-10-25,3,Regular,3657.1366877429937,9142.841719357484,10971.41006322898,37790412,54113.3416241985,38341.15142857143,0,0
Show2,2,9,2021-11-01,4,Regular,2509.779166570737,6274.447916426841,7529.33749971221,25934384,51871.266818490745,36703.55285714286,1,0
Show2,2,10,2021-11-08,5,Regular,2425.809155245002,6064.522888112503,7277.427465735004,25066694,44803.1437162824,31488.182857142856,0,0
Show2,2,11,2021-11-15,6,Regular,2597.0532081653937,6492.633020413484,7791.159624496179,26836217,45833.48291391814,32131.197142857145,1,0
Show2,2,12,2021-11-22,7,Regular,3459.4481545719564,8648.62038642989,10378.344463715868,35747631,63799.07368190017,44619.41714285714,0,0
Show2,2,13,2021-11-29,8,Regular,3983.25866821168,9958.1466705292,11949.776004635043,41160339,54646.17835443536,37840.31142857143,0,0
Show2,2,14,2021-12-06,9,Regular,5825.382863994916,14563.45715998729,17476.14859198475,60195623,94195.92644635448,65672.76428571428,0,0
Show2,2,15,2021-12-13,10,Finale,6128.706024873528,15321.76506218382,18386.118074620583,63329962,90047.51190317875,61508.79285714286,0,0
Show2,3,1,2022-09-05,0,PreLaunch,15710.388645952771,6284.1554583811085,18852.466375143325,68078351,38398.24203968538,26841.00857142857,0,0
Show2,3,2,2022-09-12,0,PreLaunch,12161.485400579728,4864.594160231892,14593.782480695674,52699769,41906.85072065872,28920.50857142857,0,0
Show2,3,3,2022-09-19,0,PreLaunch,13612.422691627811,5444.969076651126,16334.907229953378,58987165,64614.77025710174,44517.25714285714,0,0
Show2,3,4,2022-09-26,0,PreLaunch,9381.331470300616,3752.532588120247,11257.597764360738,40652436,57208.92520138062,40149.16285714286,0,0
Show2,3,5,2022-10-03,0,PreLaunch,8295.375843252277,3318.150337300911,9954.451011902736,35946629,61789.04041227555,44112.43285714286,0,0
Show2,3,6,2022-10-10,1,Premiere,9268.729043459718,3707.491617383887,11122.47485215166,40164492,80782.52758979239,57289.60857142857,0,0
Show2,3,7,2022-10-17,2,Regular,7046.626888579857,2818.6507554319437,8455.95226629583,30535383,59199.92106833782,40510.21,0,0
Show2,3,8,2022-10-24,3,Regular,7670.594950953096,3068.2379803812387,9204.713941143717,33239245,67378.4515541828,46498.12,0,0
Show2,3,9,2022-10-31,4,Regular,7874.617275303834,3149.8469101215337,9449.540730364602,34123342,54019.04150773139,38321.52428571428,0,0
Show2,3,10,2022-11-07,5,Regular,5395.189349210639,2158.0757396842555,6474.227219052767,23379153,54549.551628912974,37648.74428571429,0,0
Show2,3,11,2022-11-14,6,Regular,6547.264623342196,2618.9058493368784,7856.717548010633,28371481,66339.87572191314,46288.89142857143,0,0
Show2,3,12,2022-11-21,7,Regular,9343.821830476243,3737.528732190497,11212.58619657149,40489894,53064.49535629096,37437.02857142857,0,0
Show2,3,13,2022-11-28,8,Regular,12707.14838459469,5082.859353837876,15248.578061513628,55064310,79321.90690694237,54757.22571428572,0,0
Show2,3,14,2022-12-05,9,Regular,12675.124864622774,5070.0499458491095,15210.149837547331,54925541,78100.14948440649,54752.40285714286,0,0
Show2,3,15,2022-12-12,10,Finale,14879.217234712669,5951.686893885068,17855.060681655203,64476609,78328.47866687641,53785.01285714286,0,0
Show2,4,1,2023-09-04,0,PreLaunch,15782.912348425343,6313.164939370138,18939.494818110416,68392620,41689.218538622845,28931.747142857144,0,0
Show2,4,2,2023-09-11,0,PreLaunch,13790.604473080162,5516.241789232065,16548.725367696192,59759286,57626.11306828098,40522.55714285715,0,0
Show2,4,3,2023-09-18,0,PreLaunch,12080.938002193352,4832.375200877342,14497.125602632028,52350731,63496.99686741814,43436.39428571429,0,0
Show2,4,4,2023-09-25,0,PreLaunch,10531.206213237994,4212.482485295198,12637.447455885593,45635226,51732.98883379174,36440.962857142855,0,0
Show2,4,5,2023-10-02,0,PreLaunch,7988.550238647009,3195.420095458804,9586.26028637641,34617051,56368.31855199917,39446.75285714286,0,0
Show2,4,6,2023-10-09,1,Premiere,8770.503168995147,3508.2012675980586,10524.603802794178,38005514,60342.26208109005,42572.96857142857,0,0
Show2,4,7,2023-10-16,2,Regular,8271.218951757868,3308.487580703147,9925.462742109445,35841949,61214.71241864601,42987.36714285715,0,0
Show2,4,8,2023-10-23,3,Regular,6964.236436480224,2785.69457459209,8357.083723776268,30178358,63736.233022698616,45484.81428571429,0,0
Show2,4,9,2023-10-30,4,Regular,8263.6643916901,3305.46575667604,9916.39727002812,35809213,61091.56824877469,42840.6,1,0
Show2,4,10,2023-11-06,5,Regular,6733.178306300435,2693.2713225201737,8079.813967560522,29177106,48066.78123446117,33440.345714285715,0,0
Show2,4,11,2023-11-13,6,Regular,5662.733466084012,2265.0933864336043,6795.2801593008135,24538512,56969.697799333335,39948.46142857143,0,0
Show2,4,12,2023-11-20,7,Regular,9705.075607862953,3882.030243145181,11646.090729435542,42055327,62963.08303391952,44416.235714285714,0,0
Show2,4,13,2023-11-27,8,Regular,10636.982317232085,4254.792926892834,12764.378780678502,46093590,67490.85543891169,47276.57428571429,0,0
Show2,4,14,2023-12-04,9,Regular,15602.747373270333,6241.098949308133,18723.2968479244,67611906,84117.51155693714,58916.40285714286,0,0
Show2,4,15,2023-12-11,10,Finale,19129.020992584123,7651.608397033648,22954.825191100947,82892424,99339.23503704008,68840.11142857143,0,0
Show2,5,1,2024-09-02,0,PreLaunch,16522.77182696692,5507.590608988974,13768.976522472434,63337292,37252.344011922985,25829.69428571428,0,0
Show2,5,2,2024-09-09,0,PreLaunch,17619.71163628552,5873.237212095172,14683.093030237933,67542227,49313.5388668436,33827.80285714286,0,0
Show2,5,3,2024-09-16,0,PreLaunch,14726.647310953049,4908.882436984349,12272.206092460872,56452148,47811.86347954012,34304.810000000005,0,0
Show2,5,4,2024-09-23,0,PreLaunch,13218.37348113613,4406.124493712043,11015.311234280109,50670431,68360.11073721034,47001.77142857143,0,0
Show2,5,5,2024-09-30,0,PreLaunch,12236.701353586916,4078.90045119564,10197.2511279891,46907355,69704.09860438413,48309.88571428572,0,0
Show2,5,6,2024-10-07,1,Premiere,10033.315080682762,3344.4383602275875,8361.09590056897,38461042,69012.3800260435,47812.875714285714,0,0
Show2,5,7,2024-10-14,2,Regular,8916.040127226706,2972.013375742235,7430.033439355589,34178154,55519.48457269863,39360.49714285714,0,0
Show2,5,8,2024-10-21,3,Regular,8199.437013337028,2733.145671112343,6832.864177780858,31431175,54143.3688137216,37740.66285714286,0,0
Show2,5,9,2024-10-28,4,Regular,7675.358547564598,2558.4528491882,6396.132122970498,29422208,66633.63298874955,47474.95857142857,0,1
Show2,5,10,2024-11-04,5,Regular,7654.807252737691,2551.6024175792304,6379.006043948075,29343428,56816.237727139545,39388.71428571428,0,0
Show2,5,11,2024-11-11,6,Regular,7977.460094858555,2659.1533649528515,6647.883412382129,30580264,60971.04884560668,42849.84,1,0
Show2,5,12,2024-11-18,7,Regular,11230.954944982092,3743.651648327364,9359.12912081841,43051994,60423.04103036223,41791.38714285714,0,0
Show2,5,13,2024-11-25,8,Regular,15312.730595065235,5104.24353168841,12760.608829221028,58698801,70054.77087713494,50541.118571428575,0,0
Show2,5,14,2024-12-02,9,Regular,17379.710426616653,5793.236808872217,14483.092022180545,66622224,87508.13292102636,60216.44714285714,0,0
Show2,5,15,2024-12-09,10,Finale,23561.55581586648,7853.85193862216,19634.629846555403,90319298,96706.51666083548,67994.17857142857,0,0
Show3,1,1,2020-09-08,0,PreLaunch,10430.72482153076,12516.869785836914,4172.289928612305,53544388,110671.8164128753,78171.68428571429,0,0
Show3,1,2,2020-09-15,0,PreLaunch,15900.211458237023,19080.25374988443,6360.08458329481,81621085,131443.12042473163,92554.0942857143,0,0
Show3,1,3,2020-09-22,0,PreLaunch,15179.524782521436,18215.429739025723,6071.809913008576,77921560,150713.44786381998,105220.16,0,0
Show3,1,4,2020-09-29,0,PreLaunch,14693.853927188116,17632.62471262574,5877.541570875247,75428450,164444.41096900057,114897.60428571427,0,0
Show3,1,5,2020-10-06,0,PreLaunch,15944.83482489087,19133.80178986905,6377.933929956348,81850153,181368.9284916892,127037.71,0,0
Show3,1,6,2020-10-13,1,Premiere,20590.57081565625,24708.684978787507,8236.228326262502,105698263,199926.1507171238,139654.41,0,0
Show3,1,7,2020-10-20,2,Regular,20949.72260287317,25139.667123447813,8379.88904114927,107541909,230202.4202731464,163360.56714285715,0,0
Show3,1,8,2020-10-27,3,Regular,22958.5724873402,27550.28698480824,9183.42899493608,117854005,233964.223836628,168946.79,0,0
Show3,1,9,2020-11-03,4,Regular,20839.60547746777,25007.526572961327,8335.842190987109,106976641,246009.66535680296,170835.2814285714,0,0
Show3,1,10,2020-11-10,5,Regular,18233.579548181257,21880.295457817505,7293.431819272503,93599042,241343.6653306396,165634.63285714286,0,0
Show3,1,11,2020-11-17,6,Regular,15411.010576721565,18493.212692065877,6164.404230688626,79109854,244499.84108036716,170934.04,0,0
Show3,1,12,2020-11-24,7,Regular,12987.478737725718,15584.974485270865,5194.991495090287,66669057,221370.93520612575,160670.38142857142,0,0
Show3,1,13,2020-12-01,8,Regular,13160.413076234208,15792.495691481048,5264.165230493682,67556787,218536.14348183884,151218.98142857145,0,0
Show3,1,14,2020-12-08,9,Regular,13293.549544069556,15952.259452883469,5317.419817627822,68240221,195077.52905417184,139751.81857142856,0,0
Show3,1,15,2020-12-15,10,Finale,10943.671868710931,13132.406242453118,4377.468747484373,56177515,196634.2704938537,140942.92428571428,0,0
Show3,2,1,2021-09-07,0,PreLaunch,9379.565594237156,11255.478713084589,3751.8262376948624,48148436,114841.6361132957,79753.39571428571,0,0
Show3,2,2,2021-09-14,0,PreLaunch,12716.47615731398,15259.771388776771,5086.590462925591,65277911,126324.60432499608,89145.98857142858,0,0
Show3,2,3,2021-09-21,0,PreLaunch,14836.167685326913,17803.401222392295,5934.467074130765,76158994,153709.625035168,110099.74,0,0
Show3,2,4,2021-09-28,0,PreLaunch,14650.943406105322,17581.132087326387,5860.377362442129,75208176,157307.33220144478,109518.73714285716,1,0
Show3,2,5,2021-10-05,0,PreLaunch,18131.65197490273,21757.982369883277,7252.66078996109,93075814,192154.3754944247,134116.8742857143,0,0
Show3,2,6,2021-10-12,1,Premiere,19757.195696947503,23708.634836337,7902.878278779,101420271,218624.0827636807,151765.16285714283,0,0
Show3,2,7,2021-10-19,2,Regular,18979.34936179152,22775.219234149823,7591.739744716609,97427327,211675.12423200597,146024.6,1,0
Show3,2,8,2021-10-26,3,Regular,22195.25862931775,26634.3103551813,8878.1034517271,113935661,229940.2697521082,159465.23857142855,0,0
Show3,2,9,2021-11-02,4,Regular,21013.805945324548,25216.567134389457,8405.52237812982,107870870,253238.0079988132,174167.1242857143,0,0
Show3,2,10,2021-11-09,5,Regular,20356.624732362758,24427.949678835303,8142.649892945103,104497340,259271.03002200465,181578.09,0,0
Show3,2,11,2021-11-16,6,Regular,18610.99325087509,22333.191901050108,7444.397300350037,95536432,242728.63852194083,168041.10142857142,0,0
Show3,2,12,2021-11-23,7,Regular,13197.444844963637,15836.933813956364,5278.977937985454,67746884,225776.6366117806,158571.48,0,0
Show3,2,13,2021-11-30,8,Regular,12483.608363382227,14980.330036058676,4993.443345352891,64082523,212974.59688428155,145768.55571428573,0,0
Show3,2,14,2021-12-07,9,Regular,12875.553388418764,15450.664066102518,5150.221355367506,66094507,197447.82620215483,138866.7942857143,0,0
Show3,2,15,2021-12-14,10,Finale,11264.770661691651,13517.724794029984,4505.908264676661,57825823,190157.55159603243,134695.3042857143,0,1
Show3,3,1,2022-09-06,0,PreLaunch,11266.122521042194,4506.449008416877,13519.347025250632,48819864,101140.01800264788,68781.54857142858,0,0
Show3,3,2,2022-09-13,0,PreLaunch,17315.914363318403,6926.365745327361,20779.09723598208,75035628,122192.9028690523,85992.10285714285,0,0
Show3,3,3,2022-09-20,0,PreLaunch,15101.272158133095,6040.508863253238,18121.52658975972,65438847,140931.43041626495,100382.17285714284,0,0
Show3,3,4,2022-09-27,0,PreLaunch,17896.444778861674,7158.57791154467,21475.73373463401,77551261,159045.63317672163,109408.06142857144,0,0
Show3,3,5,2022-10-04,0,PreLaunch,19560.717434809285,7824.286973923715,23472.860921771146,84763109,184603.9255604848,132310.38285714286,0,0
Show3,3,6,2022-10-11,1,Premiere,20922.375672207814,8368.950268883125,25106.850806649378,90663629,181827.3655779074,128041.04714285712,0,0
Show3,3,7,2022-10-18,2,Regular,20752.994475770687,8301.197790308275,24903.593370924824,89929643,207478.21192043612,143772.00285714286,0,0
Show3,3,8,2022-10-25,3,Regular,23054.934043914145,9221.97361756566,27665.920852696978,99904714,212861.4106933656,148884.27714285714,0,0
Show3,3,9,2022-11-01,4,Regular,18360.194726175243,7344.077890470097,22032.233671410293,79560844,214093.5151771948,151060.80285714287,0,0
Show3,3,10,2022-11-08,5,Regular,17932.373987620394,7172.949595048158,21518.848785144477,77706954,218698.6559283389,153255.2814285714,0,0
Show3,3,11,2022-11-15,6,Regular,16019.540965389777,6407.816386155911,19223.44915846773,69418011,201448.61701459723,142099.34857142856,0,1
Show3,3,12,2022-11-22,7,Regular,15431.44000926478,6172.576003705911,18517.72801111773,66869573,207895.76245069067,143612.99285714285,0,0
Show3,3,13,2022-11-29,8,Regular,16964.07047449922,6785.628189799689,20356.884569399062,73510972,206678.53434871387,145025.00714285715,0,0
Show3,3,14,2022-12-06,9,Regular,9958.450784581531,3983.380313832613,11950.14094149784,43153287,194167.10627563,133172.0057142857,0,1
Show3,3,15,2022-12-13,10,Finale,11449.564489686978,4579.825795874791,13739.477387624373,49614779,185354.51271882487,129541.99571428572,0,0
Show3,4,1,2023-09-05,0,PreLaunch,8986.375852296802,3594.550340918721,10783.651022756165,38940962,123600.68858154886,85403.24571428572,0,0
Show3,4,2,2023-09-12,0,PreLaunch,11910.085167763207,4764.034067105284,14292.10220131585,51610369,112553.96262131448,77959.9057142857,0,0
Show3,4,3,2023-09-19,0,PreLaunch,15841.357995667666,6336.543198267066,19009.6295948012,68645885,129873.7220642472,92516.96571428572,0,0
Show3,4,4,2023-09-26,0,PreLaunch,16174.735744974849,6469.894297989939,19409.682893969817,70090522,143628.89530009995,102107.66285714286,0,0
Show3,4,5,2023-10-03,0,PreLaunch,15932.598610840523,6373.039444336209,19119.11833300863,69041260,155076.9089333461,109498.46857142856,0,0
Show3,4,6,2023-10-10,1,Premiere,18237.796285382206,7295.118514152882,21885.35554245865,79030451,167722.66853339292,115573.81142857144,0,0
Show3,4,7,2023-10-17,2,Regular,22884.85231914573,9153.940927658292,27461.82278297488,99167694,200860.0487676164,139966.4957142857,0,0
Show3,4,8,2023-10-24,3,Regular,19863.50007489185,7945.400029956741,23836.20008987022,86075167,211256.51990436175,150442.3114285714,0,0
Show3,4,9,2023-10-31,4,Regular,20328.66760171924,8131.467040687696,24394.401122063085,88090893,204836.60755927637,143675.91285714286,0,0
Show3,4,10,2023-11-07,5,Regular,18451.05031819068,7380.420127276272,22141.26038182881,79954551,204814.17461182683,148120.23857142858,0,0
Show3,4,11,2023-11-14,6,Regular,15739.652475969797,6295.860990387919,18887.58297116376,68205161,209756.7793943949,147654.7557142857,1,0
Show3,4,12,2023-11-21,7,Regular,18587.66952447754,7435.067809791016,22305.20342937305,80546568,205760.89966185347,144427.79142857142,0,0
Show3,4,13,2023-11-28,8,Regular,14648.766000131956,5859.506400052781,17578.519200158345,63477986,208084.587372686,145015.98714285714,0,0
Show3,4,14,2023-12-05,9,Regular,9765.131526541703,3906.052610616682,11718.157831850049,42315570,190270.6995789206,133443.57857142857,1,1
Show3,4,15,2023-12-12,10,Finale,10914.058194395817,4365.623277758326,13096.86983327498,47294253,169991.51811511032,118734.87714285716,0,0
Show3,5,1,2024-09-03,0,PreLaunch,4002.0915150992623,12006.274545297789,10005.228787748156,43355992,121366.30387018152,85815.81857142856,0,0
Show3,5,2,2024-09-10,0,PreLaunch,5426.216667398112,16278.650002194336,13565.54166849528,58784014,143845.03924609855,102067.69571428571,0,0
Show3,5,3,2024-09-17,0,PreLaunch,5261.4167208956,15784.2501626868,13153.541802239,56998681,141012.0592842313,97600.10142857142,0,0
Show3,5,4,2024-09-24,0,PreLaunch,6354.812287628422,19064.436862885264,15887.030719071056,68843800,159243.26387062803,109350.3857142857,0,0
Show3,5,5,2024-10-01,0,PreLaunch,7503.562342128897,22510.68702638669,18758.90585532225,81288592,182572.66101666863,124448.4542857143,0,0
Show3,5,6,2024-10-08,1,Premiere,8537.379081133668,25612.137243401,21343.447702834168,92488273,201995.3791813432,142422.88428571427,0,0
Show3,5,7,2024-10-15,2,Regular,7542.603079666477,22627.809238999434,18856.50769916619,81711533,210234.95986623564,144844.81,0,0
Show3,5,8,2024-10-22,3,Regular,8284.713226422044,24854.139679266133,20711.783066055108,89751060,228982.38575989957,155357.93,0,0
Show3,5,9,2024-10-29,4,Regular,7581.165976831076,22743.49793049323,18952.91494207769,82129298,214712.12477997743,151132.81285714285,0,0
Show3,5,10,2024-11-05,5,Regular,6866.941788313192,20600.825364939574,17167.35447078298,74391869,206537.94278127025,149725.55,0,0
Show3,5,11,2024-11-12,6,Regular,7923.67326386278,23771.019791588336,19809.183159656943,85839794,207314.36875601384,145107.47285714286,0,1
Show3,5,12,2024-11-19,7,Regular,6370.396965894463,19111.19089768339,15925.992414736158,69012634,204691.4880899822,145000.36142857143,0,0
Show3,5,13,2024-11-26,8,Regular,4815.431290468444,14446.293871405333,12038.578226171112,52167172,194627.9295257316,136398.81285714285,0,0
Show3,5,14,2024-12-03,9,Regular,5347.524218965605,16042.572656896811,13368.810547414012,57931513,201709.94919474915,140997.4942857143,0,0
Show3,5,15,2024-12-10,10,Finale,5195.209798719699,15585.629396159098,12988.02449679925,56281439,180330.79251714263,127888.93285714286,0,0
Show4,1,1,2020-09-09,0,PreLaunch,6619.479156330688,16548.697890826723,19858.437468992062,68401284,60448.04072786218,42138.16285714286,0,0
Show4,1,2,2020-09-16,0,PreLaunch,4543.194661096064,11357.98665274016,13629.583983288192,46946345,70112.47831733277,49266.21,0,0
Show4,1,3,2020-09-23,0,PreLaunch,4486.003937077338,11215.009842693344,13458.011811232018,46355375,86233.59034864263,60640.92428571428,0,0
Show4,1,4,2020-09-30,0,PreLaunch,4587.242396454553,11468.105991136385,13761.72718936366,47401505,101465.74482555248,70348.13857142857,0,0
Show4,1,5,2020-10-07,0,PreLaunch,3185.941897502132,7964.854743755331,9557.825692506396,32921399,75489.10990055448,53591.26142857143,0,0
Show4,1,6,2020-10-14,1,Premiere,3580.7380896501354,8951.845224125338,10742.214268950407,37000960,75490.874289023,52711.53285714285,0,1
Show4,1,7,2020-10-21,2,Regular,3463.275231459429,8658.188078648574,10389.825694378287,35787178,85671.97430016202,59322.92,0,0
Show4,1,8,2020-10-28,3,Regular,2721.920858526576,6804.802146316439,8165.762575579725,28126516,78546.57545195674,55404.01285714286,0,0
Show4,1,9,2020-11-04,4,Regular,2769.132222239927,6922.830555599818,8307.39666671978,28614367,84281.27524966004,58239.65285714286,0,0
Show4,1,10,2020-11-11,5,Regular,1737.959826839381,4344.899567098453,5213.879480518144,17958918,68257.91662462006,47799.77714285714,0,0
Show4,1,11,2020-11-18,6,Regular,2308.01460651404,5770.036516285099,6924.043819542118,23849484,60007.23146141858,41999.59,0,0
Show4,1,12,2020-11-25,7,Regular,3550.850173421063,8877.125433552657,10652.55052026319,36692119,72164.68726818587,51298.91428571429,0,0
Show4,1,13,2020-12-02,8,Regular,4126.045071359428,10315.11267839857,12378.135214078286,42635798,82604.57080575776,58215.32142857143,1,0
Show4,1,14,2020-12-09,9,Regular,6730.180825846161,16825.4520646154,20190.542477538485,69545201,100066.8073573635,70021.72142857143,0,0
Show4,1,15,2020-12-16,10,Finale,5876.474483684137,14691.186209210342,17629.42345105241,60723569,105826.88075115604,74944.23285714285,0,0
Show4,2,1,2021-09-08,0,PreLaunch,17207.919923945425,5735.97330798181,14339.933269954525,65963693,56479.043069007406,40320.50571428571,0,0
Show4,2,2,2021-09-15,0,PreLaunch,16281.547356352645,5427.182452117549,13567.956130293873,62412598,71205.88036598332,50241.31,0,0
Show4,2,3,2021-09-22,0,PreLaunch,16181.22936596494,5393.743121988312,13484.35780497078,62028046,85045.46557553558,59540.63,0,0
Show4,2,4,2021-09-29,0,PreLaunch,10460.482658202256,3486.8275527340857,8717.068881835214,40098517,80773.41874592124,55481.77857142857,0,0
Show4,2,5,2021-10-06,0,PreLaunch,11482.111287930817,3827.370429310272,9568.42607327568,44014760,77536.3430773182,53449.59,1,0
Show4,2,6,2021-10-13,1,Premiere,10296.23971990586,3432.079906635287,8580.199766588217,39468919,80018.6986366507,55768.85285714285,0,0
Show4,2,7,2021-10-20,2,Regular,8696.402372203762,2898.800790734587,7247.001976836467,33336210,85412.35907505102,59268.05285714286,0,0
Show4,2,8,2021-10-27,3,Regular,9415.893126836943,3138.6310422789816,7846.577605697453,36094257,70574.51916170956,49270.21,0,0
Show4,2,9,2021-11-03,4,Regular,8523.499888443543,2841.1666294811807,7102.916573702952,32673416,77443.26987365073,54254.16,0,0
Show4,2,10,2021-11-10,5,Regular,7251.261266191787,2417.087088730596,6042.71772182649,27796502,68956.22816901549,48634.61571428571,0,0
Show4,2,11,2021-11-17,6,Regular,7768.1330369923,2589.377678997433,6473.444197493584,29777843,70536.96352064765,49326.147142857146,0,0
Show4,2,12,2021-11-24,7,Regular,10507.478712001075,3502.4929040003585,8756.232260000897,40278668,82473.62530871613,58132.77285714285,0,0
Show4,2,13,2021-12-01,8,Regular,14303.403102569626,4767.801034189874,11919.502585474687,54829712,82931.67325975826,58105.64142857143,0,1
Show4,2,14,2021-12-08,9,Regular,18506.41252791868,6168.80417597289,15422.010439932228,70941247,95330.42239095732,64848.07571428572,0,0
Show4,2,15,2021-12-15,10,Finale,23834.09173607044,7944.697245356813,19861.743113392036,91364018,105352.25849886604,72756.97,0,0
Show4,3,1,2022-09-07,0,PreLaunch,5257.310700703891,15771.932102111672,13143.276751759726,56954199,59085.37611749714,41274.62857142858,0,0
Show4,3,2,2022-09-14,0,PreLaunch,6499.839307851572,19499.51792355472,16249.59826962893,70414926,84655.27186206584,58234.62,0,0
Show4,3,3,2022-09-21,0,PreLaunch,3794.015751653678,11382.047254961037,9485.039379134194,41101837,96768.39103447448,68318.41571428571,0,0
Show4,3,4,2022-09-28,0,PreLaunch,4009.630354164084,12028.891062492252,10024.075885410208,43437662,81473.55919139643,58278.648571428566,0,0
Show4,3,5,2022-10-05,0,PreLaunch,3630.2801850804262,10890.84055524128,9075.700462701065,39328035,84505.4995970869,60183.77,0,0
Show4,3,6,2022-10-12,1,Premiere,3524.911497509154,10574.734492527465,8812.278743772886,38186541,83713.73520063634,58420.93428571429,0,0
Show4,3,7,2022-10-19,2,Regular,3014.132297200523,9042.39689160157,7535.330743001308,32653100,89471.83739731259,63964.06571428572,0,0
Show4,3,8,2022-10-26,3,Regular,2937.563324892817,8812.689974678451,7343.9083122320435,31823602,74763.98575275415,52445.94,0,0
Show4,3,9,2022-11-02,4,Regular,2648.3783110593254,7945.134933177976,6620.945777648312,28690765,73980.98221119867,51537.30857142857,0,0
Show4,3,10,2022-11-09,5,Regular,2419.877633928631,7259.632901785894,6049.694084821579,26215341,72822.74929239873,50529.22714285715,0,0
Show4,3,11,2022-11-16,6,Regular,2789.8976820911207,8369.693046273362,6974.744205227801,30223891,69767.89771963752,48626.50142857143,0,0
Show4,3,12,2022-11-23,7,Regular,3772.912784172981,11318.738352518943,9432.281960432452,40873222,71083.5238632561,49482.537142857145,0,0
Show4,3,13,2022-11-30,8,Regular,4387.628333662834,13162.885000988505,10969.070834157086,47532640,83286.80524383883,58442.69857142858,0,0
Show4,3,14,2022-12-07,9,Regular,6306.19707078638,18918.591212359144,15765.49267696595,68317135,106877.14757388864,74985.62,0,0
Show4,3,15,2022-12-14,10,Finale,7067.862528601103,21203.587585803318,17669.65632150276,76568510,108211.08622783468,75751.05714285714,0,0
Show4,4,1,2023-09-06,0,PreLaunch,19463.151813910128,16219.293178258438,6487.717271303375,84340324,56204.53827047737,39588.75571428571,0,0
Show4,4,2,2023-09-13,0,PreLaunch,17083.332067377236,14236.110056147696,5694.444022459079,74027772,69028.91230711395,49142.12857142858,0,0
Show4,4,3,2023-09-20,0,PreLaunch,12970.421341695928,10808.684451413272,4323.4737805653085,56205159,89344.54775808343,63389.55857142857,0,0
Show4,4,4,2023-09-27,0,PreLaunch,11530.064586616558,9608.3871555138,3843.35486220552,49963613,72246.04204639535,49499.45,0,0
Show4,4,5,2023-10-04,0,PreLaunch,11054.359136698213,9211.965947248513,3684.786378899404,47902223,80186.62712955054,54082.735714285714,0,0
Show4,4,6,2023-10-11,1,Premiere,10913.523701588709,9094.603084657256,3637.841233862902,47291936,87645.06341872983,62170.43,0,0
Show4,4,7,2023-10-18,2,Regular,9622.702034391714,8018.918361993096,3207.567344797238,41698375,94157.03505987609,64622.91142857143,0,0
Show4,4,8,2023-10-25,3,Regular,9105.594644977904,7587.995537481586,3035.198214992635,39457577,80267.82188715565,56007.06142857143,0,0
Show4,4,9,2023-11-01,4,Regular,9424.905662908895,7854.088052424081,3141.635220969632,40841258,76032.91257426048,52333.36714285715,0,0
Show4,4,10,2023-11-08,5,Regular,7257.9306428980735,6048.275535748396,2419.310214299358,31451033,88585.59769112451,60413.62285714286,0,0
Show4,4,11,2023-11-15,6,Regular,8136.3322654740305,6780.276887895025,2712.11075515801,35257440,63341.7145372752,44682.17142857143,0,0
Show4,4,12,2023-11-22,7,Regular,10707.603744125814,8923.003120104846,3569.2012480419385,46399616,62099.02481089114,43940.74571428571,0,1
Show4,4,13,2023-11-29,8,Regular,13834.99372686436,11529.161439053632,4611.664575621454,59951640,90498.88542529353,62827.48428571429,0,0
Show4,4,14,2023-12-06,9,Regular,19264.305535949195,16053.587946624331,6421.435178649733,83478657,103103.33154387558,69500.88142857143,0,0
Show4,4,15,2023-12-13,10,Finale,22269.42791791824,18557.8565982652,7423.142639306077,96500854,120773.35704979442,83881.63285714286,0,1
Show4,5,1,2024-09-04,0,PreLaunch,6488.105781600382,16220.264454000957,19464.317344801148,67043759,63257.23077237582,44527.90571428572,1,0
Show4,5,2,2024-09-11,0,PreLaunch,6056.5065038326775,15141.266259581693,18169.51951149803,62583902,79874.29593684271,54730.73714285714,0,0
Show4,5,3,2024-09-18,0,PreLaunch,4724.187525341157,11810.468813352894,14172.562576023474,48816605,80261.31939940153,56330.09,0,0
Show4,5,4,2024-09-25,0,PreLaunch,4349.080852598664,10872.70213149666,13047.242557795991,44940502,77194.2674421235,54024.16857142857,0,0
Show4,5,5,2024-10-02,0,PreLaunch,3322.194254882244,8305.48563720561,9966.582764646731,34329341,88187.61287365065,62242.19285714285,0,0
Show4,5,6,2024-10-09,1,Premiere,3539.714177996037,8849.285444990093,10619.142533988112,36577047,85164.32242038574,59716.86571428571,1,0
Show4,5,7,2024-10-16,2,Regular,3172.4540182389587,7931.135045597396,9517.362054716878,32782025,76907.7896202755,53087.08714285714,1,0
Show4,5,8,2024-10-23,3,Regular,3029.098789497816,7572.74697374454,9087.296368493446,31300687,88207.71273938128,62800.86714285715,0,0
Show4,5,9,2024-10-30,4,Regular,2951.508028514569,7378.7700712864225,8854.524085543706,30498916,65311.78748371873,45614.712857142855,0,0
Show4,5,10,2024-11-06,5,Regular,2361.0289671685355,5902.5724179213385,7083.086901505607,24397300,57592.32071697819,40298.898571428566,0,0
Show4,5,11,2024-11-13,6,Regular,3109.47101374769,7773.677534369225,9328.41304124307,32131200,64649.82273747782,44651.52,0,0
Show4,5,12,2024-11-20,7,Regular,3276.37938245368,8190.948456134201,9829.13814736104,33855920,70866.58052352171,49292.467142857146,0,0
Show4,5,13,2024-11-27,8,Regular,4141.882511114355,10354.706277785886,12425.647533343066,42799454,78732.59871438231,54416.19142857143,0,0
Show4,5,14,2024-12-04,9,Regular,6455.764148239324,16139.41037059831,19367.292444717976,66709563,92498.9297051378,64589.27714285714,0,0
Show4,5,15,2024-12-11,10,Finale,7399.997275860298,18499.993189650748,22199.991827580896,76466638,113947.14398008004,81713.44428571429,0,0
Show5,1,1,2023-06-08,0,PreLaunch,19123.41567069388,6374.471890231293,15936.179725578231,73306427,48725.27507145634,33439.23,0,0
Show5,1,2,2023-06-15,0,PreLaunch,17081.26956846045,5693.75652282015,14234.391307050377,65478200,83004.9183770794,56764.107142857145,0,0
Show5,1,3,2023-06-22,0,PreLaunch,14125.536706973651,4708.512235657884,11771.280589144708,54147891,80687.01333940298,57667.95285714285,0,0
Show5,1,4,2023-06-29,0,PreLaunch,11118.353589113734,3706.1178630379113,9265.29465759478,42620356,91459.99773920394,63830.55142857142,0,0
Show5,1,5,2023-07-06,0,PreLaunch,10363.684688427831,3454.561562809278,8636.403907023194,39727458,86644.2234555407,60071.24285714286,0,0
Show5,1,6,2023-07-13,1,Premiere,9589.2050967304,3196.401698910133,7991.004247275333,36758619,86964.82262240148,61779.72714285715,0,0
Show5,1,7,2023-07-20,2,Regular,10583.151171509977,3527.717057169991,8819.292642924978,40568746,89077.69985306803,61814.92142857143,0,0
Show5,1,8,2023-07-27,3,Regular,8867.648356648075,2955.8827855493587,7389.706963873396,33992652,86581.3854772951,62187.95428571429,0,0
Show5,1,9,2023-08-03,4,Regular,7667.263056966258,2555.7543523220857,6389.385880805216,29391175,85025.49604749122,60094.25714285714,0,0
Show5,1,10,2023-08-10,5,Regular,7466.359493581976,2488.786497860659,6221.966244651647,28621044,87525.73417212666,60840.96571428572,0,0
Show5,1,11,2023-08-17,6,Regular,8032.832836155481,2677.6109453851604,6694.027363462902,30792526,78523.70824223457,56660.59428571428,0,0
Show5,1,12,2023-08-24,7,Regular,10312.501024435656,3437.5003414785524,8593.750853696381,39531254,84893.76151822784,58911.41857142857,0,0
Show5,1,13,2023-08-31,8,Regular,12980.002583413192,4326.667527804397,10816.668819510993,49756677,85371.40115048506,60393.51857142857,1,0
Show5,1,14,2023-09-07,9,Regular,17780.11423137525,5926.704743791749,14816.761859479371,68157104,108988.19180393484,76617.92714285714,0,0
Show5,1,15,2023-09-14,10,Finale,21075.359803423657,7025.119934474553,17562.79983618638,80788880,109587.98441051792,78138.14142857143,0,0
Show5,2,1,2024-06-06,0,PreLaunch,5695.834094777322,14239.585236943309,17087.502284331964,58856952,74030.18246146296,52977.11714285715,0,0
Show5,2,2,2024-06-13,0,PreLaunch,5104.80090770447,12762.002269261173,15314.40272311341,52749610,76552.8908657912,53611.52428571428,0,0
Show5,2,3,2024-06-20,0,PreLaunch,4823.680684754314,12059.201711885788,14471.042054262944,49844700,76071.70515903152,52677.055714285714,0,0
Show5,2,4,2024-06-27,0,PreLaunch,3481.8513752475183,8704.628438118796,10445.554125742554,35979131,85985.5149437143,60585.37,0,0
Show5,2,5,2024-07-04,0,PreLaunch,2946.0124202137526,7365.031050534381,8838.037260641258,30442128,76610.80487177153,53108.36,0,0
Show5,2,6,2024-07-11,1,Premiere,3182.2476955705934,7955.619238926483,9546.74308671178,32883226,86592.87708264825,62358.46428571428,0,0
Show5,2,7,2024-07-18,2,Regular,3145.6777012354773,7864.1942530886945,9437.033103706432,32505337,75216.17069817605,52754.01571428571,0,0
Show5,2,8,2024-07-25,3,Regular,3093.272269679401,7733.180674198504,9279.816809038202,31963813,75987.61468403663,52913.73142857143,0,0
Show5,2,9,2024-08-01,4,Regular,3196.7063747216607,7991.765936804152,9590.119124164985,33032633,65811.67080332982,46189.71142857143,0,0
Show5,2,10,2024-08-08,5,Regular,2791.969617394805,6979.9240434870135,8375.908852184415,28850353,73994.5280762661,50799.37,0,0
Show5,2,11,2024-08-15,6,Regular,2530.301520866547,6325.753802166369,7590.904562599642,26146450,57209.36069072247,39490.69857142858,0,0
Show5,2,12,2024-08-22,7,Regular,3635.929809978306,9089.824524945763,10907.789429934915,37571274,67358.15040872559,47959.28142857143,0,0
Show5,2,13,2024-08-29,8,Regular,4241.664728099318,10604.161820248297,12724.99418429796,43830536,90204.53843042198,62550.62857142858,0,0
Show5,2,14,2024-09-05,9,Regular,5775.003114175832,14437.50778543958,17325.009342527497,59675032,103275.46846674565,71211.62571428572,0,0
Show5,2,15,2024-09-12,10,Finale,6659.2055047404765,16648.01376185119,19977.616514221427,68811791,114564.1262092001,80809.7,0,0
Show6,1,1,2023-06-09,0,PreLaunch,11060.055600362237,13272.066720434685,4424.022240144896,56774951,85140.95018240494,60608.18428571429,0,0
Show6,1,2,2023-06-16,0,PreLaunch,11465.961320559596,13759.153584671516,4586.384528223838,58858602,106133.90822562562,75056.78857142858,0,0
Show6,1,3,2023-06-23,0,PreLaunch,15027.637877487388,18033.165452984867,6011.055150994956,77141874,127453.4888838858,90486.94,1,0
Show6,1,4,2023-06-30,0,PreLaunch,18534.75896732557,22241.710760790687,7413.903586930229,95145097,145055.7143993102,100441.22571428573,0,0
Show6,1,5,2023-07-07,0,PreLaunch,17662.928306327038,21195.513967592447,7065.171322530814,90669698,180362.8431053211,123689.57142857143,1,0
Show6,1,6,2023-07-14,1,Premiere,20431.933739837204,24518.320487804645,8172.773495934882,104883926,196189.2721527496,140277.9457142857,1,0
Show6,1,7,2023-07-21,2,Regular,22907.451410809525,27488.941692971428,9162.98056432381,117591584,210601.2556282745,146741.31142857144,0,0
Show6,1,8,2023-07-28,3,Regular,20568.813274530352,24682.57592943642,8227.525309812141,105586575,220945.72254477785,154107.80142857143,0,0
Show6,1,9,2023-08-04,4,Regular,20343.857489316644,24412.628987179975,8137.542995726659,104431802,228048.21471163823,162662.67285714284,0,0
Show6,1,10,2023-08-11,5,Regular,18390.475838170645,22068.571005804773,7356.1903352682575,94404442,210322.8057312485,148395.84285714285,0,0
Show6,1,11,2023-08-18,6,Regular,17001.18934959752,20401.427219517027,6800.475739839008,87272772,218105.6812041096,153668.2942857143,0,0
Show6,1,12,2023-08-25,7,Regular,14122.944208384492,16947.53305006139,5649.177683353796,72497780,202870.72166462988,146401.66142857142,0,0
Show6,1,13,2023-09-01,8,Regular,13809.274219642422,16571.12906357091,5523.709687856969,70887608,191661.481894758,132929.66142857142,0,0
Show6,1,14,2023-09-08,9,Regular,12854.691785198507,15425.630142238211,5141.876714079403,65987418,187896.4675585265,133270.9057142857,0,0
Show6,1,15,2023-09-15,10,Finale,12269.08243692326,14722.898924307912,4907.632974769304,62981290,194936.5208097748,136566.70428571428,0,1
Show6,2,1,2024-06-07,0,PreLaunch,14090.491062109551,4696.830354036518,11742.075885091295,54013549,93904.53212903682,65985.39285714286,0,0
Show6,2,2,2024-06-14,0,PreLaunch,18229.773686267337,6076.591228755779,15191.478071889447,69880799,101769.8211287864,72794.39428571428,0,0
Show6,2,3,2024-06-21,0,PreLaunch,15827.4041779062,5275.801392635401,13189.5034815885,60671716,121757.179744626,85848.35285714285,1,0
Show6,2,4,2024-06-28,0,PreLaunch,20968.046942247023,6989.348980749007,17473.372451872518,80377513,145901.20825761062,102916.22571428573,0,0
Show6,2,5,2024-07-05,0,PreLaunch,21821.44715515361,7273.815718384535,18184.539295961345,83648880,158740.68312377032,112820.9842857143,0,0
Show6,2,6,2024-07-12,1,Premiere,28733.10691401308,9577.702304671027,23944.25576167757,110143577,178400.53790033868,124229.29857142856,0,0
Show6,2,7,2024-07-19,2,Regular,23635.804409086755,7878.601469695584,19696.50367423896,90603917,183482.9885678352,126898.28571428572,0,0
Show6,2,8,2024-07-26,3,Regular,23555.000977249438,7851.666992416477,19629.167481041197,90294170,200903.4969089785,138533.38999999998,0,0
Show6,2,9,2024-08-02,4,Regular,22446.34817312346,7482.116057707819,18705.290144269547,86044334,202690.60079700223,137897.8,0,0
Show6,2,10,2024-08-09,5,Regular,17359.576770908996,5786.525590302999,14466.3139757575,66545044,199514.78682421072,143762.78857142857,0,0
Show6,2,11,2024-08-16,6,Regular,19141.841894971523,6380.613964990509,15951.53491247627,73377061,196448.9064209224,135346.9942857143,0,0
Show6,2,12,2024-08-23,7,Regular,16973.021642044227,5657.673880681409,14144.184701703522,65063250,194450.30360826364,135684.98428571428,1,0
Show6,2,13,2024-08-30,8,Regular,16779.222381725976,5593.074127241993,13982.68531810498,64320352,179217.47394129884,124956.13428571427,0,0
Show6,2,14,2024-09-06,9,Regular,15196.049597060315,5065.349865686772,12663.37466421693,58251524,186611.57232143093,131201.75714285715,0,0
Show6,2,15,2024-09-13,10,Finale,15269.362507563284,5089.787502521095,12724.468756302736,58532557,174484.1055304852,123562.20571428572,0,0
Show7,1,1,2024-01-13,0,PreLaunch,6570.25430291163,19710.762908734887,16425.635757279077,71177755,52151.5908338691,36954.86428571429,0,0
Show7,1,2,2024-01-20,0,PreLaunch,5048.087327323713,15144.261981971138,12620.218318309282,54687612,47908.91862529181,33256.897142857146,0,0
Show7,1,3,2024-01-27,0,PreLaunch,4290.747369221489,12872.242107664468,10726.86842305372,46483096,71009.2501767746,49587.80285714286,0,0
Show7,1,4,2024-02-03,0,PreLaunch,4271.709948399077,12815.12984519723,10679.274870997691,46276858,63792.44646823982,44834.97714285715,0,0
Show7,1,5,2024-02-10,0,PreLaunch,2975.9200433072083,8927.760129921624,7439.800108268021,32239133,52146.56043248304,36372.90857142857,0,0
Show7,1,6,2024-02-17,1,Premiere,4056.5001482929215,12169.500444878764,10141.250370732305,43945418,56677.64405912767,40585.357142857145,0,0
Show7,1,7,2024-02-24,2,Regular,3593.391467374699,10780.1744021241,8983.478668436748,38928408,57137.43134870921,40276.73285714286,0,0
Show7,1,8,2024-03-02,3,Regular,2859.2473043685886,8577.741913105765,7148.118260921471,30975179,57505.37544928839,40676.357142857145,0,0
Show7,1,9,2024-03-09,4,Regular,2308.4839526103983,6925.451857831195,5771.209881525996,25008577,51827.60481691603,36622.87857142857,0,0
Show7,1,10,2024-03-16,5,Regular,2919.5671819282493,8758.701545784746,7298.917954820622,31628644,43657.00462397286,31072.207142857143,0,0
Show7,1,11,2024-03-23,6,Regular,2541.9754683636124,7625.926405090838,6354.938670909031,27538068,45117.21119640373,31663.72,0,0
Show7,1,12,2024-03-30,7,Regular,4093.775942218904,12281.32782665671,10234.439855547258,44349240,68328.9806778303,46944.17428571428,1,0
Show7,1,13,2024-04-06,8,Regular,3962.626960854084,11887.880882562256,9906.567402135212,42928459,69607.29045414222,49003.31571428572,0,0
Show7,1,14,2024-04-13,9,Regular,5438.933022433889,16316.799067301668,13597.33255608472,58921775,72535.0686321157,50302.08571428571,0,0
Show7,1,15,2024-04-20,10,Finale,6860.738536949611,20582.21561084883,17151.84634237403,74324667,86921.25385694577,60385.397142857146,0,1
Show7,2,1,2025-01-11,0,PreLaunch,6028.188356258846,15070.470890647117,18084.565068776534,62291280,33433.631825820514,23599.58571428572,0,0
Show7,2,2,2025-01-18,0,PreLaunch,5116.036354564691,12790.090886411726,15348.109063694072,52865709,52282.72838341385,37245.31857142857,0,0
Show7,2,3,2025-01-25,0,PreLaunch,5007.914968106677,12519.787420266695,15023.744904320034,51748455,50688.93583365644,35493.037142857145,1,0
Show7,2,4,2025-02-01,0,PreLaunch,3636.754539465658,9091.886348664146,10910.263618396972,37579798,55145.25802231515,38771.98714285714,0,0
Show7,2,5,2025-02-08,0,PreLaunch,3379.7556051355564,8449.389012838892,10139.266815406669,34924141,43138.70547083635,30931.407142857144,0,0
Show7,2,6,2025-02-15,1,Premiere,3469.815645158366,8674.539112895915,10409.446935475096,35854762,57290.0648020176,40240.97285714286,0,0
Show7,2,7,2025-02-22,2,Regular,3379.641053804597,8449.102634511493,10138.923161413792,34922957,58232.69193310871,42277.91428571429,0,0
Show7,2,8,2025-03-01,3,Regular,3213.4844634266665,8033.711158566666,9640.45339028,33206005,48754.93538822301,34404.16857142857,0,0
Show7,2,9,2025-03-08,4,Regular,2472.4211315594507,6181.052828898626,7417.263394678352,25548352,58555.95472734678,39958.13714285714,0,0
Show7,2,10,2025-03-15,5,Regular,2176.9420703822684,5442.355175955671,6530.826211146806,22495067,33952.042899766864,24022.204285714284,0,0
Show7,2,11,2025-03-22,6,Regular,2899.9740399167595,7249.935099791897,8699.922119750277,29966398,33054.48665487355,23264.13,0,0
Show7,2,12,2025-03-29,7,Regular,3763.91439007828,9409.785975195698,11291.74317023484,38893782,50241.07325566204,35816.73714285714,0,0
Show7,2,13,2025-04-05,8,Regular,4361.427775623339,10903.569439058349,13084.283326870018,45068087,62845.61266820561,44414.99428571429,0,0
Show7,2,14,2025-04-12,9,Regular,6683.166500123744,16707.91625030936,20049.49950037124,69059388,85379.58339979702,59647.49571428571,0,0
Show7,2,15,2025-04-19,10,Finale,6936.462606372246,17341.156515930616,20809.38781911674,71676780,83617.62341822076,57508.607142857145,0,0
Show8,1,1,2024-01-14,0,PreLaunch,6707.578310438295,16768.945776095738,20122.734931314884,69311643,136214.92360138832,95065.72571428573,0,0
Show8,1,2,2024-01-21,0,PreLaunch,5393.313472183987,13483.283680459968,16179.940416551965,55730905,144157.86146438058,99684.41142857145,0,0
Show8,1,3,2024-01-28,0,PreLaunch,5685.781164587223,14214.452911468055,17057.34349376167,58753072,155882.81156083493,108213.03142857144,0,0
Show8,1,4,2024-02-04,0,PreLaunch,4786.103057280448,11965.25764320112,14358.309171841343,49456398,166725.71325950426,117689.31142857144,0,0
Show8,1,5,2024-02-11,0,PreLaunch,3343.212291950032,8358.03072987508,10029.636875850094,34546527,159043.3800064257,113986.23857142858,0,0
Show8,1,6,2024-02-18,1,Premiere,3761.681468898636,9404.20367224659,11285.044406695906,38870708,141823.08729594722,99835.89714285715,0,0
Show8,1,7,2024-02-25,2,Regular,3421.727983795226,8554.319959488066,10265.18395138568,35357856,160946.1636452735,110737.58714285714,0,0
Show8,1,8,2024-03-03,3,Regular,3410.589467259705,8526.473668149261,10231.768401779114,35242757,158529.26037766514,111675.30714285714,0,0
Show8,1,9,2024-03-10,4,Regular,2516.9141788383995,6292.285447095998,7550.7425365151985,26008114,138188.8023056019,98385.77285714286,0,1
Show8,1,10,2024-03-17,5,Regular,2747.841803999599,6869.604509998998,8243.525411998797,28394365,142943.39856215467,99188.7342857143,0,0
Show8,1,11,2024-03-24,6,Regular,2843.5948680470365,7108.9871701175925,8530.78460414111,29383814,142515.5127358725,99569.8642857143,0,0
Show8,1,12,2024-03-31,7,Regular,3002.1734728030087,7505.43368200752,9006.520418409025,31022458,140946.90786076643,98683.53857142858,0,1
Show8,1,13,2024-04-07,8,Regular,4156.463844028992,10391.15961007248,12469.391532086976,42950127,141498.01194118612,97937.99285714285,0,0
Show8,1,14,2024-04-14,9,Regular,4605.872811438799,11514.682028596995,13817.618434316397,47594019,147388.87412426152,104127.70571428572,0,0
Show8,1,15,2024-04-21,10,Finale,6672.406742095161,16681.0168552379,20017.22022628548,68948203,168612.92672028745,117825.1142857143,0,0
Show8,2,1,2025-01-12,0,PreLaunch,19291.57606043273,16076.313383693943,6430.5253534775775,83596829,132593.13245604912,93371.46428571428,0,0
Show8,2,2,2025-01-19,0,PreLaunch,18485.930976582906,15404.942480485752,6161.976992194301,80105701,149698.14833149602,103460.14428571428,0,0
Show8,2,3,2025-01-26,0,PreLaunch,14247.64833230797,11873.040276923306,4749.216110769323,61739810,151920.8264038122,105679.98857142858,1,0
Show8,2,4,2025-02-02,0,PreLaunch,14203.523273519222,11836.26939459935,4734.50775783974,61548601,166870.33439843796,118014.67428571428,0,0
Show8,2,5,2025-02-09,0,PreLaunch,8866.181357264682,7388.484464387236,2955.3937857548945,38420120,134500.2739152325,93648.73,0,0
Show8,2,6,2025-02-16,1,Premiere,8533.663776663268,7111.386480552725,2844.55459222109,36979210,158430.46616112784,113637.36285714286,0,0
Show8,2,7,2025-02-23,2,Regular,9589.29329034969,7991.077741958074,3196.4310967832293,41553604,137124.96094880355,95439.47142857144,0,0
Show8,2,8,2025-03-02,3,Regular,9345.658904045376,7788.049086704481,3115.2196346817923,40497855,146113.79515999104,102607.95142857144,0,0
Show8,2,9,2025-03-09,4,Regular,8329.819389092792,6941.516157577328,2776.606463030931,36095883,138125.2441852284,97975.81428571428,0,0
Show8,2,10,2025-03-16,5,Regular,6119.401808540666,5099.501507117222,2039.8006028468888,26517408,130865.38220957085,89749.61714285714,0,0
Show8,2,11,2025-03-23,6,Regular,7645.535969518706,6371.279974598922,2548.5119898395683,33130656,147329.9496114713,100536.7657142857,0,0
Show8,2,12,2025-03-30,7,Regular,9502.97261730541,7919.143847754509,3167.657539101804,41179549,138470.83126950648,94816.99285714285,0,0
Show8,2,13,2025-04-06,8,Regular,15089.96546191677,12574.971218263974,5029.98848730559,65389849,157814.93842498004,112463.00285714286,0,0
Show8,2,14,2025-04-13,9,Regular,17993.45267001096,14994.543891675798,5997.817556670319,77971629,171581.58360977142,119160.22142857144,0,0
Show8,2,15,2025-04-20,10,Finale,18637.961582412296,15531.634652010249,6212.653860804099,80764500,188935.14599317164,137087.94,0,0
